"","pk","Player","Yr","Yrs","allstar","PC1","College","rank","conf"
"1",1,"Zion Williamson",2019,1,0,7.96223917881618,"Duke","Top 3","acc"
"2",2,"Ja Morant",2019,1,0,4.52938263523701,"Murray State","Top 3","ovc"
"3",3,"Brandon Clarke",2019,1,0,2.51568095536245,"Gonzaga","Top 3","wcc"
"4",4,"Eric Paschall",2019,1,0,1.50728630641839,"Villanova","Top 5","big-east"
"5",5,"Rui Hachimura",2019,1,0,1.50266083329776,"Gonzaga","Top 5","wcc"
"6",6,"RJ Barrett",2019,1,0,1.21537801263954,"Duke","Top 10","acc"
"7",7,"P.J. Washington",2019,1,0,1.13216388870034,"Kentucky","Top 10","sec"
"8",8,"Jaxson Hayes",2019,1,0,-0.116009379478059,"Texas","Top 10","big-12"
"9",9,"De'Andre Hunter",2019,1,0,-0.175382556406445,"Virginia","Top 10","acc"
"10",10,"Coby White",2019,1,0,-0.401814478310166,"UNC","Top 10","acc"
"11",11,"Tyler Herro",2019,1,0,-0.705181250933578,"Kentucky","Lottery","sec"
"12",12,"Darius Garland",2019,1,0,-1.24280257923949,"Vanderbilt","Lottery","sec"
"13",13,"Kevin Porter Jr.",2019,1,0,-1.4227142840533,"USC","Lottery","pac-12"
"14",14,"Cam Reddish",2019,1,0,-1.45764494139438,"Duke","Lottery","acc"
"15",15,"Jarrett Culver",2019,1,0,-2.22758475967688,"Texas Tech","Non-Lottery","big-12"
"16",16,"Cameron Johnson",2019,1,0,-2.99184844452273,"UNC","Non-Lottery","acc"
"17",17,"Jalen McDaniels",2019,1,0,-3.50683825530867,"San Diego State","Non-Lottery","mwc"
"18",18,"Cody Martin",2019,1,0,-3.74284548035405,"Nevada","Non-Lottery","mwc"
"19",19,"Jordan Poole",2019,1,0,-3.97643198350298,"Michigan","Non-Lottery","big-ten"
"20",20,"Matisse Thybulle",2019,1,0,-4.1411877291934,"Washington","Non-Lottery","pac-12"
"21",21,"Bruno Fernando",2019,1,0,-4.26468083461056,"Maryland","Non-Lottery","big-ten"
"22",23,"Grant Williams",2019,1,0,-4.8749028421989,"Tennessee","Non-Lottery","sec"
"23",25,"Nassir Little",2019,1,0,-5.88130204743207,"UNC","Non-Lottery","acc"
"24",27,"Nickeil Alexander-Walker",2019,1,0,-6.4428544226504,"Virginia Tech","Non-Lottery","acc"
"25",28,"Ty Jerome",2019,1,0,-6.98554171769714,"Virginia","Non-Lottery","acc"
"26",29,"Romeo Langford",2019,1,0,-7.6543074307639,"Indiana","Non-Lottery","big-ten"
"27",30,"Carsen Edwards",2019,1,0,-7.9270823756011,"Purdue","Non-Lottery","big-ten"
"28",2,"Trae Young",2018,2,1,8.69562480227965,"Oklahoma","Top 3","big-12"
"29",3,"Deandre Ayton",2018,2,0,7.66712735891441,"Arizona","Top 3","pac-12"
"30",4,"Shai Gilgeous-Alexander",2018,2,0,3.61920755720831,"Kentucky","Top 5","sec"
"31",5,"Jaren Jackson Jr.",2018,2,0,3.4664010193963,"Michigan State","Top 5","big-ten"
"32",6,"Marvin Bagley III",2018,2,0,3.45063097855943,"Duke","Top 10","acc"
"33",7,"Collin Sexton",2018,2,0,3.34546305555903,"Alabama","Top 10","sec"
"34",8,"Wendell Carter Jr.",2018,2,0,2.92966561666593,"Duke","Top 10","acc"
"35",9,"Devonte' Graham",2018,2,0,0.297122127898417,"Kansas","Top 10","big-12"
"36",10,"Mikal Bridges",2018,2,0,0.207174524699797,"Villanova","Top 10","big-east"
"37",11,"Kevin Huerter",2018,2,0,-0.0210271590168859,"Maryland","Lottery","big-ten"
"38",12,"Miles Bridges",2018,2,0,-0.121101937139486,"Michigan State","Lottery","big-ten"
"39",13,"Donte DiVincenzo",2018,2,0,-1.03393684925143,"Villanova","Lottery","big-east"
"40",14,"Jalen Brunson",2018,2,0,-1.408420678626,"Villanova","Lottery","big-east"
"41",15,"Josh Okogie",2018,2,0,-1.42285459936639,"Georgia Tech","Non-Lottery","acc"
"42",16,"Mo Bamba",2018,2,0,-1.79518521406693,"Texas","Non-Lottery","big-12"
"43",17,"Troy Brown Jr.",2018,2,0,-1.95219806608086,"Oregon","Non-Lottery","pac-12"
"44",18,"Bruce Brown",2018,2,0,-2.00527714906207,"Miami (FL)","Non-Lottery","acc"
"45",19,"Landry Shamet",2018,2,0,-2.10328271141025,"Wichita State","Non-Lottery","aac"
"46",20,"De'Anthony Melton",2018,2,0,-2.10796185822128,"USC","Non-Lottery","pac-12"
"47",21,"Kevin Knox",2018,2,0,-2.3182122511734,"Kentucky","Non-Lottery","sec"
"48",22,"Omari Spellman",2018,2,0,-2.53499181938514,"Villanova","Non-Lottery","big-east"
"49",23,"Aaron Holiday",2018,2,0,-2.97739159435909,"UCLA","Non-Lottery","pac-12"
"50",25,"Chandler Hutchison",2018,2,0,-3.2996673265132,"Boise State","Non-Lottery","mwc"
"51",27,"Hamidou Diallo",2018,2,0,-4.97517478780409,"Kentucky","Non-Lottery","sec"
"52",29,"Sviatoslav Mykhailiuk",2018,2,0,-5.38809604286134,"Kansas","Non-Lottery","big-12"
"53",30,"Jevon Carter",2018,2,0,-5.39321758552704,"West Virginia","Non-Lottery","big-12"
"54",1,"Donovan Mitchell",2017,3,1,8.25194666014929,"Louisville","Top 3","acc"
"55",2,"John Collins",2017,3,0,7.28537582505016,"Wake Forest","Top 3","acc"
"56",3,"Jayson Tatum",2017,3,1,6.17465540327415,"Duke","Top 3","acc"
"57",4,"Bam Adebayo",2017,3,1,5.20288338950089,"Kentucky","Top 5","sec"
"58",5,"De'Aaron Fox",2017,3,0,5.19968070025344,"Kentucky","Top 5","sec"
"59",6,"Jarrett Allen",2017,3,0,4.47072980597177,"Texas","Top 10","big-12"
"60",7,"Lauri Markkanen",2017,3,0,4.36207337378642,"Arizona","Top 10","pac-12"
"61",8,"Kyle Kuzma",2017,3,0,3.73525408174512,"Utah","Top 10","pac-12"
"62",9,"Lonzo Ball",2017,3,0,3.16307268861838,"UCLA","Top 10","pac-12"
"63",10,"Thomas Bryant",2017,3,0,1.80472798771711,"Indiana","Top 10","big-ten"
"64",11,"Dennis Smith Jr.",2017,3,0,1.13393174496355,"NC State","Lottery","acc"
"65",12,"Jonathan Isaac",2017,3,0,0.739929331495391,"Florida State","Lottery","acc"
"66",13,"Josh Jackson",2017,3,0,0.648942465530131,"Kansas","Lottery","big-12"
"67",14,"Markelle Fultz",2017,3,0,0.451225953713201,"Washington","Lottery","pac-12"
"68",15,"Derrick White",2017,3,0,0.450952942679734,"Colorado","Non-Lottery","pac-12"
"69",16,"Dillon Brooks",2017,3,0,0.110249654060874,"Oregon","Non-Lottery","pac-12"
"70",17,"Josh Hart",2017,3,0,-0.169830438639176,"Villanova","Non-Lottery","big-east"
"71",18,"Monte Morris",2017,3,0,-0.361815360789505,"Iowa State","Non-Lottery","big-12"
"72",19,"OG Anunoby",2017,3,0,-0.686971262280304,"Indiana","Non-Lottery","big-ten"
"73",20,"Luke Kennard",2017,3,0,-0.916203953687374,"Duke","Non-Lottery","acc"
"74",21,"Damyean Dotson",2017,3,0,-2.90061044624437,"Oregon","Non-Lottery","pac-12"
"75",22,"Zach Collins",2017,3,0,-2.90915999196087,"Gonzaga","Non-Lottery","wcc"
"76",23,"Justin Jackson",2017,3,0,-2.9416221361144,"UNC","Non-Lottery","acc"
"77",24,"Malik Monk",2017,3,0,-2.99535705351895,"Kentucky","Non-Lottery","sec"
"78",26,"Sterling Brown",2017,3,0,-3.92696734205407,"SMU","Non-Lottery","aac"
"79",27,"Wesley Iwundu",2017,3,0,-4.34164338606876,"Kansas State","Non-Lottery","big-12"
"80",29,"Dwayne Bacon",2017,3,0,-5.19986979835575,"Florida State","Non-Lottery","acc"
"81",30,"Semi Ojeleye",2017,3,0,-6.09591097182626,"SMU","Non-Lottery","aac"
"82",1,"Ben Simmons",2016,3,2,11.3169691317608,"LSU","Top 3","sec"
"83",2,"Domantas Sabonis",2016,4,1,5.84565609100909,"Gonzaga","Top 3","wcc"
"84",3,"Brandon Ingram",2016,4,1,5.30736155768773,"Duke","Top 3","acc"
"85",4,"Pascal Siakam",2016,4,1,4.78895482362321,"New Mexico State","Top 5","wac"
"86",5,"Jamal Murray",2016,4,0,4.69095792302707,"Kentucky","Top 5","sec"
"87",6,"Buddy Hield",2016,4,0,4.28707475895062,"Oklahoma","Top 10","big-12"
"88",7,"Malcolm Brogdon",2016,4,0,3.9670313013234,"Virginia","Top 10","acc"
"89",8,"Jaylen Brown",2016,4,0,2.7026772761978,"California","Top 10","pac-12"
"90",9,"Caris LeVert",2016,4,0,1.99550003066623,"Michigan","Top 10","big-ten"
"91",10,"Taurean Prince",2016,4,0,1.2670108488477,"Baylor","Top 10","big-12"
"92",12,"Jakob Poltl",2016,4,0,0.601843714804723,"Utah","Lottery","pac-12"
"93",13,"Kris Dunn",2016,4,0,0.451551033137,"Providence","Lottery","big-east"
"94",14,"Dejounte Murray",2016,3,0,0.188068313316781,"Washington","Lottery","pac-12"
"95",15,"Marquese Chriss",2016,4,0,-0.773299356311214,"Washington","Non-Lottery","pac-12"
"96",16,"Skal Labissiere",2016,4,0,-1.75105104828437,"Kentucky","Non-Lottery","sec"
"97",17,"Cheick Diallo",2016,4,0,-1.77628077153169,"Kansas","Non-Lottery","big-12"
"98",18,"Malik Beasley",2016,4,0,-2.0067759706153,"Florida State","Non-Lottery","acc"
"99",19,"Denzel Valentine",2016,3,0,-2.10018748326207,"Michigan State","Non-Lottery","big-ten"
"100",20,"DeAndre' Bembry",2016,4,0,-2.3237458160431,"Saint Joseph's","Non-Lottery","atlantic-10"
"101",21,"Tyler Ulis",2016,3,0,-2.70270617534389,"Kentucky","Non-Lottery","sec"
"102",25,"Isaiah Whitehead",2016,2,0,-3.33013088410957,"Seton Hall","Non-Lottery","big-east"
"103",27,"Jake Layman",2016,4,0,-4.65179490784226,"Maryland","Non-Lottery","big-ten"
"104",28,"Patrick McCaw",2016,4,0,-4.74274617374654,"UNLV","Non-Lottery","mwc"
"105",30,"Abdel Nader",2016,3,0,-5.55178582489053,"Iowa State","Non-Lottery","big-12"
"106",1,"Karl-Anthony Towns",2015,5,2,16.4636530736086,"Kentucky","Top 3","sec"
"107",2,"Devin Booker",2015,5,0,9.2458255992672,"Kentucky","Top 3","sec"
"108",4,"D'Angelo Russell",2015,5,1,7.18398452350543,"Ohio State","Top 5","big-ten"
"109",5,"Myles Turner",2015,5,0,6.03747440076208,"Texas","Top 5","big-12"
"110",6,"Montrezl Harrell",2015,5,0,5.5800897161434,"Louisville","Top 10","acc"
"111",7,"Larry Nance Jr.",2015,5,0,4.27026593003675,"Wyoming","Top 10","mwc"
"112",8,"Willie Cauley-Stein",2015,5,0,4.20799218714671,"Kentucky","Top 10","sec"
"113",9,"Kelly Oubre Jr.",2015,5,0,3.58115698903272,"Kansas","Top 10","big-12"
"114",10,"Josh Richardson",2015,5,0,3.29531207594635,"Tennessee","Top 10","sec"
"115",11,"Bobby Portis",2015,5,0,2.99654490768224,"Arkansas","Lottery","sec"
"116",12,"Rondae Hollis-Jefferson",2015,5,0,2.25637063058604,"Arizona","Lottery","pac-12"
"117",13,"Richaun Holmes",2015,5,0,2.08414155307744,"Bowling Green","Lottery","mac"
"118",14,"Jahlil Okafor",2015,5,0,1.77953924695639,"Duke","Lottery","acc"
"119",15,"Justise Winslow",2015,5,0,1.23280684854773,"Duke","Non-Lottery","acc"
"120",16,"Delon Wright",2015,5,0,0.930595213509684,"Utah","Non-Lottery","pac-12"
"121",17,"Frank Kaminsky",2015,5,0,0.867823454299366,"Wisconsin","Non-Lottery","big-ten"
"122",18,"Terry Rozier",2015,5,0,0.808851258170049,"Louisville","Non-Lottery","acc"
"123",22,"Trey Lyles",2015,5,0,-0.673062214134892,"Kentucky","Non-Lottery","sec"
"124",23,"Norman Powell",2015,5,0,-0.718659706372636,"UCLA","Non-Lottery","pac-12"
"125",24,"Tyus Jones",2015,5,0,-1.68021613404865,"Duke","Non-Lottery","acc"
"126",25,"Kevon Looney",2015,5,0,-1.76198125257912,"UCLA","Non-Lottery","pac-12"
"127",26,"Stanley Johnson",2015,5,0,-1.88275708964363,"Arizona","Non-Lottery","pac-12"
"128",28,"Jerian Grant",2015,4,0,-2.17557562406555,"Notre Dame","Non-Lottery","acc"
"129",29,"Sam Dekker",2015,4,0,-2.96202340705161,"Wisconsin","Non-Lottery","big-ten"
"130",30,"Pat Connaughton",2015,5,0,-2.98197686092726,"Notre Dame","Non-Lottery","acc"
"131",1,"Joel Embiid",2014,4,3,7.28443933023948,"Kansas","Top 3","big-12"
"132",3,"Andrew Wiggins",2014,6,0,3.18731856950001,"Kansas","Top 3","big-12"
"133",4,"Julius Randle",2014,6,0,3.13979094970935,"Kentucky","Top 5","sec"
"134",5,"Zach LaVine",2014,6,0,2.44918457675627,"UCLA","Top 5","pac-12"
"135",7,"Aaron Gordon",2014,6,0,0.974566256612507,"Arizona","Top 10","pac-12"
"136",8,"Elfrid Payton",2014,6,0,0.944831784470651,"LA-Lafayette","Top 10","sun-belt"
"137",9,"T.J. Warren",2014,6,0,0.936995347479986,"NC State","Top 10","acc"
"138",11,"Jabari Parker",2014,6,0,0.783613990597929,"Duke","Lottery","acc"
"139",12,"Spencer Dinwiddie",2014,6,0,0.305456963695724,"Colorado","Lottery","pac-12"
"140",13,"Jordan Clarkson",2014,6,0,-0.091344963895526,"Missouri","Lottery","sec"
"141",14,"Gary Harris",2014,6,0,-0.369412364400164,"Michigan State","Lottery","big-ten"
"142",15,"Marcus Smart",2014,6,0,-0.492464247134018,"Oklahoma State","Non-Lottery","big-12"
"143",17,"Rodney Hood",2014,6,0,-0.840981195081874,"Duke","Non-Lottery","acc"
"144",19,"Dwight Powell",2014,6,0,-1.64907261519598,"Stanford","Non-Lottery","pac-12"
"145",20,"Jerami Grant",2014,6,0,-1.93766732530522,"Syracuse","Non-Lottery","acc"
"146",21,"Joe Harris",2014,6,0,-1.95486624041194,"Virginia","Non-Lottery","acc"
"147",22,"Shabazz Napier",2014,6,0,-3.08685390951887,"UConn","Non-Lottery","aac"
"148",23,"Kyle Anderson",2014,6,0,-3.1613576305103,"UCLA","Non-Lottery","pac-12"
"149",24,"Doug McDermott",2014,6,0,-4.14649513765058,"Creighton","Non-Lottery","big-east"
"150",25,"Glenn Robinson III",2014,6,0,-4.15185265719598,"Michigan","Non-Lottery","big-ten"
"151",26,"Noah Vonleh",2014,6,0,-4.43400583369184,"Indiana","Non-Lottery","big-ten"
"152",27,"Nik Stauskas",2014,5,0,-5.17074385130722,"Michigan","Non-Lottery","big-ten"
"153",29,"K.J. McDaniels",2014,3,0,-6.17045218722386,"Clemson","Non-Lottery","acc"
"154",30,"Tyler Ennis",2014,4,0,-7.16527972212039,"Syracuse","Non-Lottery","acc"
"155",3,"CJ McCollum",2013,7,0,4.08041536774929,"Lehigh","Top 3","patriot"
"156",4,"Victor Oladipo",2013,7,2,3.6539426811647,"Indiana","Top 5","big-ten"
"157",5,"Steven Adams",2013,7,0,1.85141459739568,"Pitt","Top 5","acc"
"158",7,"Michael Carter-Williams",2013,7,0,1.3911445280726,"Syracuse","Top 10","acc"
"159",8,"Otto Porter",2013,7,0,1.04490647314025,"Georgetown","Top 10","big-east"
"160",9,"Mason Plumlee",2013,7,0,0.502466242473853,"Duke","Top 10","acc"
"161",10,"Tim Hardaway Jr.",2013,7,0,0.492793421297454,"Michigan","Top 10","big-ten"
"162",11,"Kentavious Caldwell-Pope",2013,7,0,0.00496379296863625,"Georgia","Lottery","sec"
"163",12,"Nerlens Noel",2013,6,0,-0.213349018070961,"Kentucky","Lottery","sec"
"164",13,"Kelly Olynyk",2013,7,0,-0.496727374705453,"Gonzaga","Lottery","wcc"
"165",14,"Gorgui Dieng",2013,7,0,-0.580269406362345,"Louisville","Lottery","acc"
"166",15,"Cody Zeller",2013,7,0,-0.62725600623298,"Indiana","Non-Lottery","big-ten"
"167",16,"Alex Len",2013,7,0,-1.75845722721087,"Maryland","Non-Lottery","big-ten"
"168",17,"Trey Burke",2013,7,0,-2.73235120190403,"Michigan","Non-Lottery","big-ten"
"169",18,"Allen Crabbe",2013,7,0,-2.76542318416467,"California","Non-Lottery","pac-12"
"170",19,"Reggie Bullock",2013,7,0,-3.38676393024928,"UNC","Non-Lottery","acc"
"171",20,"Ben McLemore",2013,7,0,-3.39597904713067,"Kansas","Non-Lottery","big-12"
"172",21,"James Ennis",2013,6,0,-3.80729788859684,"Cal State Long Beach","Non-Lottery","big-west"
"173",22,"Tony Snell",2013,7,0,-3.99749458375146,"New Mexico","Non-Lottery","mwc"
"174",23,"Mike Muscala",2013,7,0,-4.11734922309161,"Bucknell","Non-Lottery","patriot"
"175",24,"Shabazz Muhammad",2013,5,0,-4.25401188212999,"UCLA","Non-Lottery","pac-12"
"176",25,"Solomon Hill",2013,7,0,-4.31454182449957,"Arizona","Non-Lottery","pac-12"
"177",26,"Andre Roberson",2013,5,0,-4.53786886666144,"Colorado","Non-Lottery","pac-12"
"178",27,"Isaiah Canaan",2013,6,0,-4.7251739053766,"Murray State","Non-Lottery","ovc"
"179",28,"Shane Larkin",2013,4,0,-5.2355657050021,"Miami (FL)","Non-Lottery","acc"
"180",29,"Ryan Kelly",2013,4,0,-5.81723387810964,"Duke","Non-Lottery","acc"
"181",1,"Anthony Davis",2012,8,7,11.12229091588,"Kentucky","Top 3","sec"
"182",2,"Damian Lillard",2012,8,5,9.66206214037253,"Weber State","Top 3","big-sky"
"183",3,"Andre Drummond",2012,8,2,7.22387677077975,"UConn","Top 3","aac"
"184",4,"Bradley Beal",2012,8,2,6.28213262964142,"Florida","Top 5","sec"
"185",5,"Khris Middleton",2012,8,2,4.02538025001189,"Texas A&M","Top 5","sec"
"186",6,"Draymond Green",2012,8,3,3.46756005877964,"Michigan State","Top 10","big-ten"
"187",7,"Harrison Barnes",2012,8,0,2.06957510144986,"UNC","Top 10","acc"
"188",9,"Will Barton",2012,8,0,0.660900542466921,"Memphis","Top 10","aac"
"189",10,"Jae Crowder",2012,8,0,-0.577919742142313,"Marquette","Top 10","big-east"
"190",11,"Jeremy Lamb",2012,8,0,-0.634961083354159,"UConn","Lottery","aac"
"191",12,"Jared Sullinger",2012,5,0,-0.867574358974161,"Ohio State","Lottery","big-ten"
"192",13,"Terrence Ross",2012,8,0,-1.02298989191899,"Washington","Lottery","pac-12"
"193",14,"Terrence Jones",2012,6,0,-1.43074373530142,"Kentucky","Lottery","sec"
"194",15,"Dion Waiters",2012,8,0,-1.52011057606111,"Syracuse","Non-Lottery","acc"
"195",16,"Michael Kidd-Gilchrist",2012,8,0,-1.5838079042075,"Kentucky","Non-Lottery","sec"
"196",17,"John Henson",2012,8,0,-1.78078688448477,"UNC","Non-Lottery","acc"
"197",18,"Austin Rivers",2012,8,0,-2.48974335205894,"Duke","Non-Lottery","acc"
"198",19,"Maurice Harkless",2012,8,0,-2.52461046863369,"St. John's","Non-Lottery","big-east"
"199",21,"Kyle O'Quinn",2012,8,0,-2.86276560249933,"Norfolk State","Non-Lottery","meac"
"200",22,"Tony Wroten",2012,4,0,-3.49937828783081,"Washington","Non-Lottery","pac-12"
"201",23,"Tyler Zeller",2012,7,0,-3.60680920464733,"UNC","Non-Lottery","acc"
"202",24,"Mike Scott",2012,8,0,-3.85944998383543,"Virginia","Non-Lottery","acc"
"203",25,"Meyers Leonard",2012,8,0,-4.22088984085406,"Illinois","Non-Lottery","big-ten"
"204",26,"Quincy Acy",2012,7,0,-5.46092638808082,"Baylor","Non-Lottery","big-12"
"205",27,"Darius Miller",2012,5,0,-5.5895482067597,"Kentucky","Non-Lottery","sec"
"206",28,"Thomas Robinson",2012,5,0,-5.66624147507065,"Kansas","Non-Lottery","big-12"
"207",29,"Andrew Nicholson",2012,5,0,-5.87248541493464,"St. Bonaventure","Non-Lottery","atlantic-10"
"208",30,"Kendall Marshall",2012,4,0,-6.0537245104602,"UNC","Non-Lottery","acc"
"209",1,"Kawhi Leonard",2011,9,4,8.17619630838759,"San Diego State","Top 3","mwc"
"210",2,"Kyrie Irving",2011,9,6,7.42440087744154,"Duke","Top 3","acc"
"211",3,"Jimmy Butler",2011,9,5,7.10262197600703,"Marquette","Top 3","big-east"
"212",4,"Kemba Walker",2011,9,4,6.755572688959,"UConn","Top 5","aac"
"213",5,"Nikola Vucevic",2011,9,1,5.57675052315781,"USC","Top 5","pac-12"
"214",6,"Isaiah Thomas",2011,9,2,4.7640098843556,"Washington","Top 10","pac-12"
"215",7,"Tobias Harris",2011,9,0,4.43036747558079,"Tennessee","Top 10","sec"
"216",8,"Klay Thompson",2011,8,5,4.40203898775599,"Washington State","Top 10","pac-12"
"217",11,"Reggie Jackson",2011,9,0,1.96364046154842,"Boston College","Lottery","acc"
"218",12,"Brandon Knight",2011,8,0,1.85498917460502,"Kentucky","Lottery","sec"
"219",13,"Kenneth Faried",2011,8,0,1.64988984519655,"Morehead State University","Lottery","ovc"
"220",14,"Chandler Parsons",2011,9,0,1.34671616821768,"Florida","Lottery","sec"
"221",15,"Markieff Morris",2011,9,0,1.04916678402446,"Kansas","Non-Lottery","big-12"
"222",16,"Marcus Morris",2011,9,0,1.02807752898258,"Kansas","Non-Lottery","big-12"
"223",19,"Tristan Thompson",2011,9,0,0.331128721719859,"Texas","Non-Lottery","big-12"
"224",20,"Alec Burks",2011,9,0,-0.945303110225727,"Colorado","Non-Lottery","pac-12"
"225",21,"Cory Joseph",2011,9,0,-2.15721544275249,"Texas","Non-Lottery","big-12"
"226",22,"E'Twaun Moore",2011,9,0,-2.51289165571852,"Purdue","Non-Lottery","big-ten"
"227",23,"Iman Shumpert",2011,9,0,-2.83658805531881,"Georgia Tech","Non-Lottery","acc"
"228",25,"Derrick Williams",2011,7,0,-2.91022117524772,"Arizona","Non-Lottery","pac-12"
"229",26,"Shelvin Mack",2011,8,0,-3.53006931269115,"Butler","Non-Lottery","big-east"
"230",27,"Jon Leuer",2011,8,0,-3.80938936791576,"Wisconsin","Non-Lottery","big-ten"
"231",28,"Kyle Singler",2011,6,0,-4.1233063272636,"Duke","Non-Lottery","acc"
"232",29,"Norris Cole",2011,6,0,-4.20625620084692,"Cleveland State University","Non-Lottery","horizon"
"233",30,"Lavoy Allen",2011,6,0,-4.73617463169485,"Temple","Non-Lottery","aac"
"234",1,"DeMarcus Cousins",2010,9,4,10.1593531853529,"Kentucky","Top 3","sec"
"235",2,"Paul George",2010,10,6,8.38065537785075,"Fresno State","Top 3","mwc"
"236",3,"John Wall",2010,9,5,7.68159930111404,"Kentucky","Top 3","sec"
"237",4,"Eric Bledsoe",2010,10,0,5.13755831817698,"Kentucky","Top 5","sec"
"238",5,"Gordon Hayward",2010,10,1,4.67015237722612,"Butler","Top 5","big-east"
"239",6,"Greg Monroe",2010,9,0,4.37634751594467,"Georgetown","Top 10","big-east"
"240",7,"Hassan Whiteside",2010,8,0,4.31320977173075,"Marshall","Top 10","cusa"
"241",8,"Derrick Favors",2010,10,0,2.63120335085273,"Georgia Tech","Top 10","acc"
"242",9,"Evan Turner",2010,10,0,0.995372000013162,"Ohio State","Top 10","big-ten"
"243",10,"Avery Bradley",2010,10,0,0.16424009663578,"Texas","Top 10","big-12"
"244",11,"Al-Farouq Aminu",2010,10,0,-0.844040523339803,"Wake Forest","Lottery","acc"
"245",12,"Ed Davis",2010,10,0,-1.28819375453507,"UNC","Lottery","acc"
"246",13,"Greivis Vasquez",2010,7,0,-1.39019584418394,"Maryland","Lottery","big-ten"
"247",14,"Lance Stephenson",2010,9,0,-1.41495691741277,"Cincinnati","Lottery","aac"
"248",15,"Patrick Patterson",2010,10,0,-1.65004905320078,"Kentucky","Non-Lottery","sec"
"249",16,"Trevor Booker",2010,8,0,-2.02063371411545,"Clemson","Non-Lottery","acc"
"250",17,"Jordan Crawford",2010,6,0,-2.03296779638475,"Xavier","Non-Lottery","big-east"
"251",19,"Wesley Johnson",2010,9,0,-2.92903503083396,"Syracuse","Non-Lottery","acc"
"252",20,"Larry Sanders",2010,6,0,-3.7256964732153,"Virginia Commonwealth","Non-Lottery","atlantic-10"
"253",21,"Landry Fields",2010,5,0,-3.77173424061401,"Stanford","Non-Lottery","pac-12"
"254",23,"Ekpe Udoh",2010,7,0,-5.14400612653931,"Baylor","Non-Lottery","big-12"
"255",24,"Quincy Pondexter",2010,7,0,-5.2798196104872,"Washington","Non-Lottery","pac-12"
"256",25,"Cole Aldrich",2010,8,0,-5.40073047137156,"Kansas","Non-Lottery","big-12"
"257",26,"Jeremy Evans",2010,7,0,-5.80001239840432,"Western Kentucky","Non-Lottery","cusa"
"258",27,"James Anderson",2010,5,0,-5.85608913772876,"Oklahoma State","Non-Lottery","big-12"
"259",28,"Luke Babbitt",2010,8,0,-6.26346445226654,"Nevada","Non-Lottery","mwc"
"260",29,"Xavier Henry",2010,5,0,-7.01116972917695,"Kansas","Non-Lottery","big-12"
"261",30,"Elliot Williams",2010,4,0,-7.80603496449717,"Memphis","Non-Lottery","aac"
"262",1,"James Harden",2009,11,8,15.3206530957898,"Arizona State","Top 3","pac-12"
"263",2,"Stephen Curry",2009,11,6,11.0356475018477,"Davidson","Top 3","atlantic-10"
"264",3,"Blake Griffin",2009,10,6,8.93362264822868,"Oklahoma","Top 3","big-12"
"265",4,"DeMar DeRozan",2009,11,4,7.85311511429374,"USC","Top 5","pac-12"
"266",5,"Jrue Holiday",2009,11,1,5.74489478262102,"UCLA","Top 5","pac-12"
"267",6,"Jeff Teague",2009,11,1,4.08092072446184,"Wake Forest","Top 10","acc"
"268",7,"Tyreke Evans",2009,10,0,4.02010579321036,"Memphis","Top 10","aac"
"269",8,"Ty Lawson",2009,8,0,3.2412768058686,"UNC","Top 10","acc"
"270",11,"Darren Collison",2009,10,0,2.44543220290649,"UCLA","Lottery","pac-12"
"271",12,"Taj Gibson",2009,11,0,1.1666649430739,"USC","Lottery","pac-12"
"272",13,"Gerald Henderson",2009,8,0,-0.271711478196918,"Duke","Lottery","acc"
"273",14,"Patrick Beverley",2009,8,0,-0.357922633110273,"Arkansas","Lottery","sec"
"274",15,"Danny Green",2009,11,0,-0.368168895690293,"UNC","Non-Lottery","acc"
"275",16,"DeMarre Carroll",2009,11,0,-0.38590717197031,"Missouri","Non-Lottery","sec"
"276",17,"Marcus Thornton",2009,8,0,-0.39329516453371,"LSU","Non-Lottery","sec"
"277",18,"James Johnson",2009,11,0,-0.918458339620412,"Wake Forest","Non-Lottery","acc"
"278",19,"Patty Mills",2009,11,0,-1.68482150924848,"Saint Mary's","Non-Lottery","wcc"
"279",20,"Jodie Meeks",2009,10,0,-2.02331321333528,"Kentucky","Non-Lottery","sec"
"280",21,"Jordan Hill",2009,8,0,-2.03354109409115,"Arizona","Non-Lottery","pac-12"
"281",23,"DeJuan Blair",2009,7,0,-2.63913910952829,"Pitt","Non-Lottery","acc"
"282",24,"Wayne Ellington",2009,11,0,-2.77952721948384,"UNC","Non-Lottery","acc"
"283",26,"Dante Cunningham",2009,10,0,-3.13550587755564,"Villanova","Non-Lottery","big-east"
"284",27,"Tyler Hansbrough",2009,7,0,-3.31018582004161,"UNC","Non-Lottery","acc"
"285",28,"Toney Douglas",2009,8,0,-3.40990816744139,"Florida State","Non-Lottery","acc"
"286",29,"Chase Budinger",2009,7,0,-3.47430528661597,"Arizona","Non-Lottery","pac-12"
"287",30,"Austin Daye",2009,6,0,-5.88209417017346,"Gonzaga","Non-Lottery","wcc"
"288",1,"Russell Westbrook",2008,12,9,14.3457887899324,"UCLA","Top 3","pac-12"
"289",2,"Kevin Love",2008,12,5,8.60999650906985,"UCLA","Top 3","pac-12"
"290",3,"Brook Lopez",2008,12,1,5.88705370704675,"Stanford","Top 3","pac-12"
"291",4,"DeAndre Jordan",2008,12,1,5.75454499998045,"Texas A&M","Top 5","sec"
"292",5,"Derrick Rose",2008,11,3,5.56306540808095,"Memphis","Top 5","aac"
"293",10,"Eric Gordon",2008,12,0,3.01709248762851,"Indiana","Top 10","big-ten"
"294",11,"George Hill",2008,12,0,2.47179427446923,"IUPUI","Lottery","horizon"
"295",12,"Ryan Anderson",2008,12,0,1.85599313512701,"California","Lottery","pac-12"
"296",13,"Roy Hibbert",2008,9,2,1.44819905191342,"Georgetown","Lottery","big-east"
"297",14,"O.J. Mayo",2008,8,0,1.43376266174495,"USC","Lottery","pac-12"
"298",15,"Robin Lopez",2008,12,0,0.64552641247277,"Stanford","Non-Lottery","pac-12"
"299",16,"Michael Beasley",2008,11,0,0.319452090969436,"Kansas State","Non-Lottery","big-12"
"300",17,"JaVale McGee",2008,12,0,-0.0390112679091932,"Nevada","Non-Lottery","mwc"
"301",18,"Mario Chalmers",2008,9,0,-0.0575784221515109,"Kansas","Non-Lottery","big-12"
"302",19,"D.J. Augustin",2008,12,0,-0.143884150355776,"Texas","Non-Lottery","big-12"
"303",20,"Courtney Lee",2008,12,0,-0.251481936992321,"Western Kentucky","Non-Lottery","cusa"
"304",21,"Jason Thompson",2008,8,0,-0.267297806610648,"Rider University","Non-Lottery","maac"
"305",22,"J.J. Hickson",2008,8,0,-0.757618106916554,"NC State","Non-Lottery","acc"
"306",23,"Jerryd Bayless",2008,11,0,-2.25927053433321,"Arizona","Non-Lottery","pac-12"
"307",24,"Luc Mbah a Moute",2008,11,0,-2.26223579411964,"UCLA","Non-Lottery","pac-12"
"308",25,"Marreese Speights",2008,10,0,-2.49872163173803,"Florida","Non-Lottery","sec"
"309",26,"Kosta Koufos",2008,11,0,-2.61732361532825,"Ohio State","Non-Lottery","big-ten"
"310",28,"Brandon Rush",2008,9,0,-3.27720205023057,"Kansas","Non-Lottery","big-12"
"311",29,"Darrell Arthur",2008,9,0,-3.66673572273997,"Kansas","Non-Lottery","big-12"
"312",30,"Chris Douglas-Roberts",2008,6,0,-4.95283639775217,"Memphis","Non-Lottery","aac"
"313",2,"Michael Finley",1995,15,2,6.45579420825251,"Wisconsin","Top 3","big-ten"
"314",3,"Rasheed Wallace",1995,16,4,5.97487004596236,"UNC","Top 3","acc"
"315",4,"Jerry Stackhouse",1995,18,2,5.78837135906125,"UNC","Top 5","acc"
"316",5,"Damon Stoudamire",1995,13,0,5.07053101800864,"Arizona","Top 5","pac-12"
"317",6,"Antonio McDyess",1995,15,1,4.5707961337614,"Alabama","Top 10","sec"
"318",7,"Joe Smith",1995,16,0,2.96822708950087,"Maryland","Top 10","big-ten"
"319",8,"Kurt Thomas",1995,18,0,2.52507392958789,"TCU","Top 10","big-12"
"320",9,"Brent Barry",1995,14,0,2.28510035158917,"Oregon State","Top 10","pac-12"
"321",10,"Theo Ratliff",1995,16,1,1.20203805513801,"Wyoming","Top 10","mwc"
"322",11,"Eric Snow",1995,13,0,1.03317505440483,"Michigan State","Lottery","big-ten"
"323",12,"Bryant Reeves",1995,6,0,0.360339651148626,"Oklahoma State","Lottery","big-12"
"324",13,"Corliss Williamson",1995,12,0,0.338103684448066,"Arkansas","Lottery","sec"
"325",14,"Gary Trent",1995,9,0,-0.398069096375922,"Ohio University","Lottery","mac"
"326",15,"Bob Sura",1995,10,0,-0.503760222897214,"Florida State","Non-Lottery","acc"
"327",16,"Alan Henderson",1995,12,0,-0.57958539441896,"Indiana","Non-Lottery","big-ten"
"328",17,"Travis Best",1995,10,0,-0.925344752524725,"Georgia Tech","Non-Lottery","acc"
"329",18,"Eric Williams",1995,12,0,-1.60154525723992,"Providence","Non-Lottery","big-east"
"330",19,"Greg Ostertag",1995,11,0,-2.44901770387599,"Kansas","Non-Lottery","big-12"
"331",20,"Jason Caffey",1995,8,0,-2.68371380299365,"Alabama","Non-Lottery","sec"
"332",21,"Fred Hoiberg",1995,10,0,-2.82831989779668,"Iowa State","Non-Lottery","big-12"
"333",22,"Andrew DeClercq",1995,10,0,-3.06672998659317,"Florida","Non-Lottery","sec"
"334",23,"Tyus Edney",1995,4,0,-3.31182734063856,"UCLA","Non-Lottery","pac-12"
"335",24,"Cory Alexander",1995,7,0,-3.81092952675115,"Virginia","Non-Lottery","acc"
"336",25,"Cherokee Parks",1995,9,0,-4.50055710841669,"Duke","Non-Lottery","acc"
"337",26,"Chris Carr",1995,6,0,-4.56676311862326,"Southern Illinois","Non-Lottery","mvc"
"338",27,"Don Reid",1995,8,0,-5.04527852686092,"Georgetown","Non-Lottery","big-east"
"339",28,"Mark Davis",1995,5,0,-5.05120241274758,"Texas Tech","Non-Lottery","big-12"
"340",29,"Shawn Respert",1995,4,0,-5.73966012390262,"Michigan State","Non-Lottery","big-ten"
"341",30,"Ed O'Bannon",1995,2,0,-6.62370412713493,"UCLA","Non-Lottery","pac-12"
"342",2,"Allen Iverson",1996,14,11,10.9276705167208,"Georgetown","Top 3","big-east"
"343",3,"Ray Allen",1996,18,10,8.872348433759,"UConn","Top 3","aac"
"344",4,"Steve Nash",1996,18,8,7.78054515227658,"Santa Clara","Top 5","wcc"
"345",5,"Shareef Abdur-Rahim",1996,12,1,7.16397907511632,"California","Top 5","pac-12"
"346",6,"Stephon Marbury",1996,13,2,7.07522436868107,"Georgia Tech","Top 10","acc"
"347",7,"Antoine Walker",1996,12,3,6.6615765242479,"Kentucky","Top 10","sec"
"348",10,"Marcus Camby",1996,17,0,3.9418058998829,"UMass","Top 10","atlantic-10"
"349",12,"Kerry Kittles",1996,8,0,1.93498277555637,"Villanova","Lottery","big-east"
"350",13,"Derek Fisher",1996,18,0,0.893729530195475,"Little Rock","Lottery","sun-belt"
"351",14,"Erick Dampier",1996,16,0,0.473881573368647,"Mississippi State","Lottery","sec"
"352",15,"Lorenzen Wright",1996,13,0,-0.305900461005847,"Memphis","Non-Lottery","aac"
"353",16,"Jeff McInnis",1996,11,0,-0.775595127193206,"UNC","Non-Lottery","acc"
"354",17,"Jerome Williams",1996,9,0,-1.06883252344099,"Georgetown","Non-Lottery","big-east"
"355",18,"Othella Harrington",1996,12,0,-1.56153092599882,"Georgetown","Non-Lottery","big-east"
"356",19,"Shandon Anderson",1996,10,0,-1.59520888542036,"Georgia","Non-Lottery","sec"
"357",20,"Malik Rose",1996,13,0,-1.73536095660256,"Drexel","Non-Lottery","colonial"
"358",21,"Tony Delk",1996,10,0,-1.88909049815504,"Kentucky","Non-Lottery","sec"
"359",22,"Vitaly Potapenko",1996,11,0,-2.19529245668118,"Wright State University","Non-Lottery","horizon"
"360",23,"Jamie Feick",1996,5,0,-3.0822657700403,"Michigan State","Non-Lottery","big-ten"
"361",24,"John Wallace",1996,7,0,-3.76054594765174,"Syracuse","Non-Lottery","acc"
"362",25,"Samaki Walker",1996,10,0,-3.89361418318821,"Louisville","Non-Lottery","acc"
"363",27,"Walter McCarty",1996,10,0,-4.55192459654519,"Kentucky","Non-Lottery","sec"
"364",28,"Travis Knight",1996,7,0,-5.74224052106902,"UConn","Non-Lottery","aac"
"365",29,"Randy Livingston",1996,11,0,-6.16712297930544,"LSU","Non-Lottery","sec"
"366",30,"Todd Fuller",1996,5,0,-7.2375326580365,"NC State","Non-Lottery","acc"
"367",1,"Tim Duncan",1997,19,15,12.9750942580534,"Wake Forest","Top 3","acc"
"368",3,"Chauncey Billups",1997,17,5,5.91905369456619,"Colorado","Top 3","pac-12"
"369",5,"Keith Van Horn",1997,9,0,3.69487016891097,"Utah","Top 5","pac-12"
"370",6,"Derek Anderson",1997,11,0,1.63945136507439,"Kentucky","Top 10","sec"
"371",7,"Ron Mercer",1997,8,0,0.99294193906042,"Kentucky","Top 10","sec"
"372",8,"Tim Thomas",1997,13,0,0.827888980969367,"Villanova","Top 10","big-east"
"373",9,"Brevin Knight",1997,12,0,0.0238111888762655,"Stanford","Top 10","pac-12"
"374",10,"Bobby Jackson",1997,12,0,-0.0820214996400059,"Minnesota","Top 10","big-ten"
"375",11,"Danny Fortson",1997,10,0,-0.535652337632842,"Cincinnati","Lottery","aac"
"376",12,"Maurice Taylor",1997,9,0,-0.702677282509001,"Michigan","Lottery","big-ten"
"377",13,"Antonio Daniels",1997,13,0,-0.797410888121752,"Bowling Green","Lottery","mac"
"378",14,"Mark Blount",1997,9,0,-0.810350459352716,"Pitt","Lottery","acc"
"379",15,"Alvin Williams",1997,9,0,-0.839558210687516,"Villanova","Non-Lottery","big-east"
"380",16,"Anthony Parker",1997,9,0,-0.934413740155996,"Bradley","Non-Lottery","mvc"
"381",17,"Tony Battie",1997,14,0,-1.68075778611393,"Texas Tech","Non-Lottery","big-12"
"382",18,"Kelvin Cato",1997,10,0,-2.27589336073434,"Iowa State","Non-Lottery","big-12"
"383",19,"Austin Croshere",1997,12,0,-2.28427100393715,"Providence","Non-Lottery","big-east"
"384",20,"Scot Pollard",1997,11,0,-2.71953584608254,"Kansas","Non-Lottery","big-12"
"385",21,"Anthony Johnson",1997,13,0,-2.82981373405167,"College of Charleston","Non-Lottery","colonial"
"386",22,"Marc Jackson",1997,7,0,-2.99027459415338,"Temple","Non-Lottery","aac"
"387",23,"Tariq Abdul-Wahad",1997,6,0,-3.28404007791039,"San Jose State","Non-Lottery","mwc"
"388",24,"Adonal Foyle",1997,12,0,-3.66404708635988,"Colgate","Non-Lottery","patriot"
"389",25,"Jacque Vaughn",1997,12,0,-3.83478538858185,"Kansas","Non-Lottery","big-12"
"390",27,"Cedric Henderson",1997,5,0,-4.04900814589465,"Memphis","Non-Lottery","aac"
"391",28,"Chris Crawford",1997,7,0,-4.5686971945348,"Marquette","Non-Lottery","big-east"
"392",29,"Eric Washington",1997,2,0,-5.33329343645318,"Alabama","Non-Lottery","sec"
"393",30,"John Thomas",1997,5,0,-7.3971157984006,"Minnesota","Non-Lottery","big-ten"
"394",2,"Paul Pierce",1998,19,10,10.6936784378765,"Kansas","Top 3","big-12"
"395",3,"Vince Carter",1998,22,8,9.01946499370021,"UNC","Top 3","acc"
"396",4,"Antawn Jamison",1998,16,2,6.58314110719513,"UNC","Top 5","acc"
"397",6,"Mike Bibby",1998,14,0,5.07584849653499,"Arizona","Top 10","pac-12"
"398",7,"Cuttino Mobley",1998,11,0,3.75963699600488,"Rhode Island","Top 10","atlantic-10"
"399",9,"Ricky Davis",1998,12,0,2.9166146965764,"Iowa","Top 10","big-ten"
"400",10,"Larry Hughes",1998,13,0,2.91528561783279,"Saint Louis","Top 10","atlantic-10"
"401",11,"Matt Harpring",1998,11,0,1.62577965320956,"Georgia Tech","Lottery","acc"
"402",12,"Bonzi Wells",1998,10,0,1.44670454267063,"Ball State University","Lottery","mac"
"403",13,"Raef LaFrentz",1998,10,0,1.39934251186763,"Kansas","Lottery","big-12"
"404",14,"Jason Williams",1998,12,0,1.20941905265952,"Florida","Lottery","sec"
"405",15,"Rafer Alston",1998,11,0,1.06535157049444,"Fresno State","Non-Lottery","mwc"
"406",16,"Ruben Patterson",1998,10,0,0.832807259322284,"Cincinnati","Non-Lottery","aac"
"407",17,"Michael Dickerson",1998,5,0,0.07476331753775,"Arizona","Non-Lottery","pac-12"
"408",19,"Nazr Mohammed",1998,18,0,-1.40422825696075,"Kentucky","Non-Lottery","sec"
"409",20,"Tyronn Lue",1998,11,0,-1.47331390652314,"Nebraska","Non-Lottery","big-ten"
"410",21,"Keon Clark",1998,6,0,-1.49668785334853,"UNLV","Non-Lottery","mwc"
"411",22,"Pat Garrity",1998,10,0,-2.70003681268728,"Notre Dame","Non-Lottery","acc"
"412",23,"Brian Skinner",1998,14,0,-3.30098737856603,"Baylor","Non-Lottery","big-12"
"413",24,"Greg Buckner",1998,10,0,-3.35050902187778,"Clemson","Non-Lottery","acc"
"414",25,"Jahidi White",1998,7,0,-3.54320816923933,"Georgetown","Non-Lottery","big-east"
"415",26,"Shammond Williams",1998,7,0,-3.93148929575352,"UNC","Non-Lottery","acc"
"416",27,"Robert Traylor",1998,7,0,-4.51216830298249,"Michigan","Non-Lottery","big-ten"
"417",28,"Michael Doleac",1998,10,0,-4.5171997092168,"Utah","Non-Lottery","pac-12"
"418",29,"Ryan Bowen",1998,10,0,-5.4583726371335,"Iowa","Non-Lottery","big-ten"
"419",30,"Jerome James",1998,9,0,-5.76390249082758,"Florida A&M","Non-Lottery","meac"
"420",1,"Shawn Marion",1999,16,4,8.50206704778897,"UNLV","Top 3","mwc"
"421",2,"Elton Brand",1999,17,2,8.27292214285946,"Duke","Top 3","acc"
"422",3,"Steve Francis",1999,9,3,6.49174835154753,"Maryland","Top 3","big-ten"
"423",4,"Baron Davis",1999,13,2,6.34206139826042,"UCLA","Top 5","pac-12"
"424",5,"Andre Miller",1999,17,0,6.03915320979278,"Utah","Top 5","pac-12"
"425",6,"Lamar Odom",1999,14,0,5.84227859091641,"Rhode Island","Top 10","atlantic-10"
"426",7,"Jason Terry",1999,19,0,5.56693912213077,"Arizona","Top 10","pac-12"
"427",9,"Corey Maggette",1999,14,0,4.87876232403923,"Duke","Top 10","acc"
"428",10,"Metta World Peace",1999,17,1,4.61170460848487,"St. John's","Top 10","big-east"
"429",11,"Richard Hamilton",1999,14,3,4.37957260570603,"UConn","Lottery","aac"
"430",13,"Wally Szczerbiak",1999,10,1,2.73016486268624,"Miami University","Lottery","mac"
"431",14,"James Posey",1999,12,0,1.08015902645505,"Xavier","Lottery","big-east"
"432",15,"Kenny Thomas",1999,11,0,1.04587171839455,"New Mexico","Non-Lottery","mwc"
"433",16,"Jeff Foster",1999,13,0,-1.07171226762307,"Texas State University","Non-Lottery","sun-belt"
"434",18,"Jumaine Jones",1999,8,0,-2.67440157124666,"Georgia","Non-Lottery","sec"
"435",19,"Dion Glover",1999,6,0,-3.17771843573106,"Georgia Tech","Non-Lottery","acc"
"436",21,"Lee Nailon",1999,6,0,-3.5282636499295,"TCU","Non-Lottery","big-12"
"437",22,"Vonteego Cummings",1999,3,0,-4.65573594928989,"Pitt","Non-Lottery","acc"
"438",23,"Calvin Booth",1999,10,0,-4.67192094339277,"Penn State","Non-Lottery","big-ten"
"439",24,"Scott Padgett",1999,8,0,-4.67568468954993,"Kentucky","Non-Lottery","sec"
"440",25,"Francisco Elson",1999,9,0,-4.86598923671103,"California","Non-Lottery","pac-12"
"441",27,"Rodney Buford",1999,5,0,-5.44640909222917,"Creighton","Non-Lottery","big-east"
"442",28,"Trajan Langdon",1999,3,0,-5.52339774929285,"Duke","Non-Lottery","acc"
"443",29,"Michael Ruffin",1999,9,0,-7.25799848777721,"Tulsa","Non-Lottery","aac"
"444",30,"Quincy Lewis",1999,4,0,-7.49351104272597,"Minnesota","Non-Lottery","big-ten"
"445",1,"Michael Redd",2000,12,1,5.24331964353142,"Ohio State","Top 3","big-ten"
"446",2,"Jamal Crawford",2000,19,0,4.28523729210222,"Michigan","Top 3","big-ten"
"447",3,"Kenyon Martin",2000,15,1,3.30188022817267,"Cincinnati","Top 3","aac"
"448",5,"Mike Miller",2000,17,0,2.71796577146843,"Florida","Top 5","sec"
"449",6,"Desmond Mason",2000,10,0,1.06213185608963,"Oklahoma State","Top 10","big-12"
"450",7,"Morris Peterson",2000,11,0,0.464248576719475,"Michigan State","Top 10","big-ten"
"451",8,"Quentin Richardson",2000,13,0,0.0980622903710888,"DePaul","Top 10","big-east"
"452",9,"Jamaal Magloire",2000,12,1,-0.27701017663284,"Kentucky","Top 10","sec"
"453",10,"Speedy Claxton",2000,7,0,-0.509503582281098,"Hofstra","Top 10","colonial"
"454",12,"Stromile Swift",2000,9,0,-1.34743847850684,"LSU","Lottery","sec"
"455",15,"Joel Przybilla",2000,13,0,-2.43869888053855,"Minnesota","Non-Lottery","big-ten"
"456",16,"Chris Mihm",2000,8,0,-2.62294995019071,"Texas","Non-Lottery","big-12"
"457",17,"Keyon Dooling",2000,13,0,-2.788218960176,"Missouri","Non-Lottery","sec"
"458",18,"Eddie House",2000,11,0,-2.89404576571888,"Arizona State","Non-Lottery","pac-12"
"459",19,"Marcus Fizer",2000,6,0,-3.04539220777141,"Iowa State","Non-Lottery","big-12"
"460",20,"Eduardo Najera",2000,12,0,-3.06323889474807,"Oklahoma","Non-Lottery","big-12"
"461",22,"Etan Thomas",2000,9,0,-3.33974523848202,"Syracuse","Non-Lottery","acc"
"462",23,"Brian Cardinal",2000,12,0,-3.40440891665729,"Purdue","Non-Lottery","big-ten"
"463",24,"Courtney Alexander",2000,3,0,-3.86841017449481,"Fresno State","Non-Lottery","mwc"
"464",25,"Jason Hart",2000,9,0,-3.92680453878517,"Syracuse","Non-Lottery","acc"
"465",26,"DerMarr Johnson",2000,7,0,-4.37720699347882,"Cincinnati","Non-Lottery","aac"
"466",27,"Donnell Harvey",2000,5,0,-4.62617276525603,"Florida","Non-Lottery","sec"
"467",28,"Jake Voskuhl",2000,9,0,-4.63100537729291,"UConn","Non-Lottery","aac"
"468",30,"Mark Madsen",2000,9,0,-6.54675341199459,"Stanford","Non-Lottery","pac-12"
"469",2,"Gilbert Arenas",2001,11,3,7.54977544060352,"Arizona","Top 3","pac-12"
"470",3,"Zach Randolph",2001,17,2,6.97199909365219,"Michigan State","Top 3","big-ten"
"471",4,"Joe Johnson",2001,17,7,6.81314582405594,"Arkansas","Top 5","sec"
"472",6,"Richard Jefferson",2001,17,0,5.19905190430984,"Arizona","Top 10","pac-12"
"473",7,"Jason Richardson",2001,13,0,5.13586073373509,"Michigan State","Top 10","big-ten"
"474",8,"Gerald Wallace",2001,14,1,4.95047734182112,"Alabama","Top 10","sec"
"475",12,"Troy Murphy",2001,12,0,2.11031261316911,"Notre Dame","Lottery","acc"
"476",13,"Shane Battier",2001,13,0,1.655205289404,"Duke","Lottery","acc"
"477",14,"Samuel Dalembert",2001,13,0,0.73640950755656,"Seton Hall","Lottery","big-east"
"478",15,"Jamaal Tinsley",2001,11,0,0.336940076844792,"Iowa State","Non-Lottery","big-12"
"479",16,"Bobby Simmons",2001,10,0,-0.913186824892673,"DePaul","Non-Lottery","big-east"
"480",18,"Earl Watson",2001,13,0,-0.963374398460273,"UCLA","Non-Lottery","pac-12"
"481",19,"Brendan Haywood",2001,13,0,-1.77079267633687,"UNC","Non-Lottery","acc"
"482",21,"Trenton Hassell",2001,9,0,-3.06018994957101,"Austin Peay State University","Non-Lottery","ovc"
"483",22,"Eddie Griffin",2001,5,0,-3.34728467335636,"Seton Hall","Non-Lottery","big-east"
"484",23,"Jason Collins",2001,13,0,-3.65079955588887,"Stanford","Non-Lottery","pac-12"
"485",25,"Jarron Collins",2001,10,0,-4.37951027241134,"Stanford","Non-Lottery","pac-12"
"486",26,"Rodney White",2001,4,0,-4.96423947456651,"UNC Charlotte","Non-Lottery","cusa"
"487",27,"Steven Hunter",2001,8,0,-5.1557931636892,"DePaul","Non-Lottery","big-east"
"488",29,"Brian Scalabrine",2001,11,0,-5.85721497728428,"USC","Non-Lottery","pac-12"
"489",30,"Loren Woods",2001,6,0,-7.18035403165697,"Arizona","Non-Lottery","pac-12"
"490",2,"Carlos Boozer",2002,13,2,6.70356856124435,"Duke","Top 3","acc"
"491",4,"Caron Butler",2002,14,2,4.72745717082231,"UConn","Top 5","aac"
"492",7,"Mike Dunleavy",2002,15,0,2.57409468742981,"Duke","Top 10","acc"
"493",8,"Tayshaun Prince",2002,14,0,2.44227953013672,"Kentucky","Top 10","sec"
"494",9,"John Salmons",2002,13,0,1.57466454518894,"Miami (FL)","Top 10","acc"
"495",10,"Drew Gooden",2002,14,0,1.42775048548903,"Kansas","Top 10","big-12"
"496",11,"Matt Barnes",2002,14,0,-0.00125808065343939,"UCLA","Lottery","pac-12"
"497",12,"Chris Wilcox",2002,11,0,-0.624807835923313,"Maryland","Lottery","big-ten"
"498",15,"Rasual Butler",2002,13,0,-2.45732560310426,"La Salle","Non-Lottery","atlantic-10"
"499",16,"Darius Songaila",2002,8,0,-2.69703117011365,"Wake Forest","Non-Lottery","acc"
"500",17,"Juan Dixon",2002,7,0,-2.84551781469904,"Maryland","Non-Lottery","big-ten"
"501",18,"Fred Jones",2002,7,0,-2.85795315527767,"Oregon","Non-Lottery","pac-12"
"502",19,"Dan Dickau",2002,6,0,-3.23414928736458,"Gonzaga","Non-Lottery","wcc"
"503",21,"Jared Jeffries",2002,11,0,-3.68748130181985,"Indiana","Non-Lottery","big-ten"
"504",22,"Roger Mason",2002,10,0,-3.76061324759439,"Virginia","Non-Lottery","acc"
"505",23,"Dan Gadzuric",2002,10,0,-3.93169480423325,"UCLA","Non-Lottery","pac-12"
"506",26,"Melvin Ely",2002,9,0,-4.78138676921695,"Fresno State","Non-Lottery","mwc"
"507",27,"Kareem Rush",2002,7,0,-4.81471116351605,"Missouri","Non-Lottery","sec"
"508",28,"Dajuan Wagner",2002,4,0,-4.92471883338921,"Memphis","Non-Lottery","aac"
"509",29,"Casey Jacobsen",2002,4,0,-4.99970102077058,"Stanford","Non-Lottery","pac-12"
"510",2,"Dwyane Wade",2003,16,12,11.3487355163813,"Marquette","Top 3","big-east"
"511",3,"Carmelo Anthony",2003,17,10,9.7362966640662,"Syracuse","Top 3","acc"
"512",4,"Chris Bosh",2003,13,11,8.40293914034347,"Georgia Tech","Top 5","acc"
"513",5,"David West",2003,15,2,6.01478604361668,"Xavier","Top 5","big-east"
"514",6,"Mo Williams",2003,13,1,3.12901001374161,"Alabama","Top 10","sec"
"515",7,"Kirk Hinrich",2003,13,0,2.81685080427004,"Kansas","Top 10","big-12"
"516",8,"Josh Howard",2003,10,1,2.70057693413634,"Wake Forest","Top 10","acc"
"517",9,"Chris Kaman",2003,13,1,2.18619955472907,"Central Michigan University","Top 10","mac"
"518",11,"Kyle Korver",2003,17,1,1.09389763500579,"Creighton","Lottery","big-east"
"519",12,"T.J. Ford",2003,8,0,0.912888790988494,"Texas","Lottery","big-12"
"520",14,"Luke Ridnour",2003,12,0,0.519541059948182,"Oregon","Lottery","pac-12"
"521",16,"Nick Collison",2003,14,0,-0.41447378850219,"Kansas","Non-Lottery","big-12"
"522",18,"Steve Blake",2003,13,0,-1.37554493532076,"Maryland","Non-Lottery","big-ten"
"523",22,"Matt Bonner",2003,12,0,-2.53119968892303,"Florida","Non-Lottery","sec"
"524",23,"Willie Green",2003,12,0,-2.57117057349228,"Detroit Mercy","Non-Lottery","horizon"
"525",24,"Keith Bogans",2003,11,0,-2.70628705120437,"Kentucky","Non-Lottery","sec"
"526",25,"Luke Walton",2003,10,0,-3.30692351243901,"Arizona","Non-Lottery","pac-12"
"527",26,"Jarvis Hayes",2003,7,0,-3.38026899136935,"Georgia","Non-Lottery","sec"
"528",27,"James Jones",2003,14,0,-3.72710011932922,"Miami (FL)","Non-Lottery","acc"
"529",28,"Jason Kapono",2003,9,0,-3.87463977052909,"UCLA","Non-Lottery","pac-12"
"530",29,"Dahntay Jones",2003,13,0,-4.1047371166557,"Duke","Non-Lottery","acc"
"531",2,"Andre Iguodala",2004,16,1,6.37957633116817,"Arizona","Top 3","pac-12"
"532",5,"Luol Deng",2004,15,2,4.52979698094328,"Duke","Top 5","acc"
"533",6,"Kevin Martin",2004,12,0,4.52521867185672,"Western Carolina University","Top 10","southern"
"534",7,"Devin Harris",2004,15,1,3.42780086821073,"Wisconsin","Top 10","big-ten"
"535",8,"Emeka Okafor",2004,10,0,2.79386305894809,"UConn","Top 10","aac"
"536",9,"Ben Gordon",2004,11,0,2.54643523801631,"UConn","Top 10","aac"
"537",10,"Trevor Ariza",2004,16,0,2.30279073275615,"UCLA","Top 10","pac-12"
"538",11,"Jameer Nelson",2004,14,1,2.08373743503975,"Saint Joseph's","Lottery","atlantic-10"
"539",16,"Josh Childress",2004,8,0,-0.21275222858461,"Stanford","Non-Lottery","pac-12"
"540",17,"Delonte West",2004,8,0,-0.471255028470521,"Saint Joseph's","Non-Lottery","atlantic-10"
"541",18,"Tony Allen",2004,14,0,-0.490891446499731,"Oklahoma State","Non-Lottery","big-12"
"542",19,"Kris Humphries",2004,13,0,-0.918903774248755,"Minnesota","Non-Lottery","big-ten"
"543",21,"Chris Duhon",2004,9,0,-1.64503841222978,"Duke","Non-Lottery","acc"
"544",25,"Kirk Snyder",2004,4,0,-4.352820525391,"Nevada","Non-Lottery","mwc"
"545",28,"Bernard Robinson",2004,3,0,-6.33789775407524,"Michigan","Non-Lottery","big-ten"
"546",29,"Royal Ivey",2004,10,0,-6.38235092316764,"Texas","Non-Lottery","big-12"
"547",30,"Rafael Araujo",2004,3,0,-8.08593892414511,"BYU","Non-Lottery","wcc"
"548",1,"Chris Paul",2005,15,10,10.8689095555836,"Wake Forest","Top 3","acc"
"549",2,"Deron Williams",2005,12,3,6.8461115640848,"Illinois","Top 3","big-ten"
"550",3,"David Lee",2005,12,2,5.87479520890779,"Florida","Top 3","sec"
"551",5,"Danny Granger",2005,10,1,4.74408934894086,"New Mexico","Top 5","mwc"
"552",7,"Andrew Bogut",2005,14,0,3.07688958079004,"Utah","Top 10","pac-12"
"553",8,"Raymond Felton",2005,14,0,3.04310272960589,"UNC","Top 10","acc"
"554",10,"Marvin Williams",2005,15,0,1.76871677106498,"UNC","Top 10","acc"
"555",12,"Jarrett Jack",2005,13,0,1.1490769539487,"Georgia Tech","Lottery","acc"
"556",16,"Charlie Villanueva",2005,11,0,0.079004513751904,"UConn","Non-Lottery","aac"
"557",17,"Nate Robinson",2005,11,0,-0.0461745175884995,"Washington","Non-Lottery","pac-12"
"558",18,"Brandon Bass",2005,12,0,-0.1495927816128,"LSU","Non-Lottery","sec"
"559",19,"Channing Frye",2005,13,0,-0.165065362870363,"Arizona","Non-Lottery","pac-12"
"560",20,"Ryan Gomes",2005,8,0,-0.587673667364597,"Providence","Non-Lottery","big-east"
"561",22,"Hakim Warrick",2005,8,0,-1.19344373953797,"Syracuse","Non-Lottery","acc"
"562",23,"Francisco Garcia",2005,10,0,-1.68382801731039,"Louisville","Non-Lottery","acc"
"563",26,"Linas Kleiza",2005,7,0,-2.46152886679482,"Missouri","Non-Lottery","sec"
"564",27,"Luther Head",2005,6,0,-2.88092752051117,"Illinois","Non-Lottery","big-ten"
"565",28,"Ronny Turiaf",2005,10,0,-3.04909891516309,"Gonzaga","Non-Lottery","wcc"
"566",29,"Jason Maxiell",2005,10,0,-3.41233804637699,"Cincinnati","Non-Lottery","aac"
"567",1,"LaMarcus Aldridge",2006,14,7,8.04617386208275,"Texas","Top 3","big-12"
"568",2,"Kyle Lowry",2006,14,6,6.36676078116169,"Villanova","Top 3","big-east"
"569",3,"Paul Millsap",2006,14,4,5.8445618552491,"Louisiana Tech","Top 3","cusa"
"570",4,"Rudy Gay",2006,14,0,5.50851670320394,"UConn","Top 5","aac"
"571",5,"Rajon Rondo",2006,14,4,4.30134657199958,"Kentucky","Top 5","sec"
"572",6,"Brandon Roy",2006,6,3,3.89308300187973,"Washington","Top 10","pac-12"
"573",7,"J.J. Redick",2006,14,0,1.87805279197834,"Duke","Top 10","acc"
"574",9,"Randy Foye",2006,11,0,-0.576065121312108,"Villanova","Top 10","big-east"
"575",10,"P.J. Tucker",2006,9,0,-0.627097192509963,"Texas","Top 10","big-12"
"576",11,"Ronnie Brewer",2006,8,0,-0.842707738523356,"Arkansas","Lottery","sec"
"577",12,"Tyrus Thomas",2006,8,0,-1.34973403454738,"LSU","Lottery","sec"
"578",14,"Craig Smith",2006,6,0,-2.44785966771278,"Boston College","Lottery","acc"
"579",15,"Jordan Farmar",2006,10,0,-2.58493285733175,"UCLA","Non-Lottery","pac-12"
"580",16,"Daniel Gibson",2006,7,0,-2.95537833541479,"Texas","Non-Lottery","big-12"
"581",17,"Shannon Brown",2006,9,0,-3.30636427686986,"Michigan State","Non-Lottery","big-ten"
"582",18,"Leon Powe",2006,5,0,-3.83793533232315,"California","Non-Lottery","pac-12"
"583",20,"Steve Novak",2006,11,0,-4.7434400913642,"Marquette","Non-Lottery","big-east"
"584",21,"Shawne Williams",2006,7,0,-4.7555106645944,"Memphis","Non-Lottery","aac"
"585",22,"Shelden Williams",2006,6,0,-4.76915751017496,"Duke","Non-Lottery","acc"
"586",23,"Renaldo Balkman",2006,6,0,-5.0052560515908,"South Carolina","Non-Lottery","sec"
"587",24,"Ryan Hollins",2006,10,0,-5.18563762679516,"UCLA","Non-Lottery","pac-12"
"588",25,"Rodney Carney",2006,5,0,-5.18681000285744,"Memphis","Non-Lottery","aac"
"589",26,"Marcus Williams",2006,4,0,-5.77451938853727,"UConn","Non-Lottery","aac"
"590",27,"Adam Morrison",2006,3,0,-6.09817934972203,"Gonzaga","Non-Lottery","wcc"
"591",28,"Hilton Armstrong",2006,6,0,-6.5322005405093,"UConn","Non-Lottery","aac"
"592",29,"Solomon Jones",2006,8,0,-6.698856743171,"South Florida","Non-Lottery","aac"
"593",30,"Mardy Collins",2006,4,0,-6.80590213312186,"Temple","Non-Lottery","aac"
"594",1,"Kevin Durant",2007,12,10,12.0198040404107,"Texas","Top 3","big-12"
"595",3,"Al Horford",2007,13,5,5.33627640779202,"Florida","Top 3","sec"
"596",4,"Mike Conley",2007,13,0,4.66639237229098,"Ohio State","Top 5","big-ten"
"597",5,"Thaddeus Young",2007,13,0,3.34125972436695,"Georgia Tech","Top 5","acc"
"598",6,"Joakim Noah",2007,12,2,3.24266421320147,"Florida","Top 10","sec"
"599",7,"Jeff Green",2007,12,0,1.51970612293615,"Georgetown","Top 10","big-east"
"600",8,"Wilson Chandler",2007,12,0,1.46309423004462,"DePaul","Top 10","big-east"
"601",9,"Rodney Stuckey",2007,10,0,1.27378511662192,"Eastern Washington","Top 10","big-sky"
"602",10,"Carl Landry",2007,9,0,1.02503645251889,"Purdue","Top 10","big-ten"
"603",11,"Arron Afflalo",2007,11,0,0.835372080349065,"UCLA","Lottery","pac-12"
"604",12,"Spencer Hawes",2007,10,0,0.541602530279567,"Washington","Lottery","pac-12"
"605",13,"Ramon Sessions",2007,11,0,0.0857494960581295,"Nevada","Lottery","mwc"
"606",14,"Corey Brewer",2007,12,0,-0.574394345517372,"Florida","Lottery","sec"
"607",15,"Jared Dudley",2007,13,0,-0.606614158471928,"Boston College","Non-Lottery","acc"
"608",16,"Aaron Brooks",2007,10,0,-0.686966635909978,"Oregon","Non-Lottery","pac-12"
"609",17,"Nick Young",2007,12,0,-1.08460026983468,"USC","Non-Lottery","pac-12"
"610",20,"Al Thornton",2007,4,0,-1.21337570816098,"Florida State","Non-Lottery","acc"
"611",21,"Glen Davis",2007,8,0,-1.43197575173934,"LSU","Non-Lottery","sec"
"612",22,"Brandan Wright",2007,10,0,-1.60474782037863,"UNC","Non-Lottery","acc"
"613",24,"Josh McRoberts",2007,11,0,-2.68770009619397,"Duke","Non-Lottery","acc"
"614",25,"Jason Smith",2007,11,0,-2.93608102318632,"Colorado State","Non-Lottery","mwc"
"615",27,"Daequan Cook",2007,6,0,-5.07142252772448,"Ohio State","Non-Lottery","big-ten"
"616",28,"Julian Wright",2007,4,0,-5.79521352648329,"Kansas","Non-Lottery","big-12"
"617",29,"Aaron Gray",2007,7,0,-5.85394351330632,"Pitt","Non-Lottery","acc"
"618",30,"Dominic McGuire",2007,6,0,-6.26779599046266,"Fresno State","Non-Lottery","mwc"
